<?xml version="1.0" encoding="UTF-8"?>
<project-private xmlns="http://www.netbeans.org/ns/project-private/1">
    <data xmlns="http://www.netbeans.org/ns/make-project-private/1">
        <activeConfTypeElem>1</activeConfTypeElem>
        <activeConfIndexElem>0</activeConfIndexElem>
    </data>
    <editor-bookmarks xmlns="http://www.netbeans.org/ns/editor-bookmarks/2" lastBookmarkId="0"/>
    <open-files xmlns="http://www.netbeans.org/ns/projectui-open-files/2">
        <group>
            <file>file:/C:/Users/cynthcabrera2010/Desktop/Victor's%20Extremely%20Complicated%20Computer%20Science%20Homework/Assignment_2-3/Assignment_2-3/Assignment_3/Gaddis_8thEd_Chap4_Prob22/main.cpp</file>
        </group>
    </open-files>
</project-private>
